OrderID;ProductID;UnitPrice;Quantity;Discount
10248;11;14.0;12;0.0
10248;42;9.8;10;0.0
10248;72;34.8;5;0.0
10249;14;18.6;9;0.0
10249;51;42.4;40;0.0
10250;41;7.7;10;0.0
10250;51;42.4;35;0.0
10250;65;16.8;15;0.0
10251;22;16.8;6;0.05000000074505806
10251;57;15.6;15;0.05000000074505806
10252;20;64.8;40;0.05000000074505806
10252;33;2.0;25;0.0
10253;31;10.0;20;0.0
10253;39;14.4;42;0.0
10253;49;16.0;40;0.05000000074505806
10254;24;3.6;15;0.0
10254;55;19.2;21;0.0
10255;2;15.2;20;0.0
10255;16;13.9;35;0.0
10255;36;15.2;25;0.0
10255;59;44.0;30;0.0
10256;53;26.2;15;0.10000000149011612
10256;77;10.4;12;0.10000000149011612
10257;27;35.1;25;0.0
10257;39;14.4;6;0.0
10257;77;10.4;15;0.0
10258;2;15.2;50;0.20000000298023224
10258;5;17.0;65;0.20000000298023224
10258;32;25.6;6;0.20000000298023224
10258;62;39.4;40;0.20000000298023224
10259;18;50.0;12;0.0
10259;28;36.4;8;0.0
10259;34;11.2;10;0.0
10259;71;17.2;5;0.0
10260;40;14.7;70;0.15000000596046448
10260;41;7.7;55;0.15000000596046448
10261;25;11.2;50;0.0
10261;75;6.2;6;0.0
10262;24;3.6;15;0.05000000074505806
10262;42;9.8;100;0.05000000074505806
10262;51;42.4;35;0.05000000074505806
10263;17;31.2;50;0.10000000149011612
10263;70;12.0;12;0.10000000149011612
10264;24;3.6;25;0.0
10264;55;19.2;25;0.0
10265;7;24.0;45;0.0
10265;56;38.0;16;0.0
10265;65;16.8;20;0.0
10266;21;8.0;20;0.0
10266;55;19.2;12;0.0
10267;1;14.4;15;0.25
10267;28;36.4;20;0.25
10267;62;39.4;35;0.25
10268;29;99.0;10;0.0
10268;72;34.8;4;0.0
10269;12;30.4;18;0.0
10269;24;3.6;15;0.0
10269;64;26.6;8;0.0
10270;41;7.7;12;0.0
10270;55;19.2;20;0.0
10271;14;18.6;12;0.0
10271;42;9.8;12;0.0
10271;60;27.2;6;0.0
10272;24;3.6;10;0.0
10272;33;2.0;5;0.0
10272;68;10.0;15;0.0
10273;17;31.2;20;0.0
10273;31;10.0;15;0.0
10273;70;12.0;12;0.0
10273;75;6.2;12;0.0
10274;4;17.6;10;0.0
10274;5;17.0;10;0.0
10274;23;7.2;5;0.0
10274;42;9.8;20;0.0
10275;7;24.0;12;0.0
10275;56;38.0;12;0.0
10275;76;14.4;10;0.0
10276;12;30.4;12;0.0
10276;33;2.0;4;0.0
10276;52;5.6;2;0.0
10276;67;11.2;16;0.0
10277;28;36.4;20;0.0
10277;62;39.4;12;0.0
10278;44;15.5;16;0.0
10278;59;44.0;15;0.0
10279;15;15.5;15;0.0
10279;33;2.0;20;0.0
10279;63;35.1;8;0.0
10280;10;24.8;10;0.0
10280;54;5.9;20;0.0
10280;55;19.2;30;0.0
10281;19;7.3;2;0.0
10281;24;3.6;3;0.0
10281;35;14.4;5;0.0
10282;30;20.7;10;0.0
10282;57;15.6;6;0.0
10282;62;39.4;30;0.0
10283;42;9.8;6;0.0
10283;72;34.8;3;0.0
10284;14;18.6;10;0.0
10284;41;7.7;20;0.0
10284;74;8.6;5;0.0
10285;16;13.9;35;0.0
10285;18;50.0;20;0.0
10285;21;8.0;40;0.0
10285;33;2.0;25;0.0
10286;35;14.4;100;0.0
10286;62;39.4;40;0.0
10287;16;13.9;40;0.0
10287;34;11.2;20;0.0
10287;46;12.0;15;0.0
10288;22;16.8;20;0.0
10288;25;11.2;12;0.0
10288;50;13.0;40;0.0
10289;10;24.8;16;0.05000000074505806
10289;47;7.6;15;0.05000000074505806
10289;49;16.0;20;0.05000000074505806
10290;13;4.6;20;0.0
10290;24;3.6;10;0.0
10290;64;26.6;6;0.0
10291;17;31.2;30;0.0
10291;46;12.0;2;0.0
10291;63;35.1;20;0.0
10292;42;9.8;20;0.0
10292;69;28.8;18;0.0
10293;11;14.0;14;0.0
10293;57;15.6;12;0.0
10294;56;38.0;4;0.0
10294;74;8.6;8;0.0
10295;14;18.6;10;0.0
10295;19;7.3;20;0.0
10295;24;3.6;15;0.0
10296;16;13.9;30;0.10000000149011612
10296;32;25.6;20;0.10000000149011612
10296;57;15.6;15;0.10000000149011612
10297;29;99.0;6;0.0
10297;30;20.7;18;0.0
10298;13;4.6;12;0.0
10298;39;14.4;30;0.0
10299;10;24.8;3;0.0
10299;19;7.3;10;0.0
10300;24;3.6;12;0.0
10300;63;35.1;15;0.0
10300;75;6.2;25;0.0
10301;1;14.4;20;0.0
10301;21;8.0;10;0.0
10301;28;36.4;6;0.0
10302;8;32.0;10;0.0
10302;24;3.6;9;0.0
10302;30;20.7;14;0.0
10303;15;15.5;10;0.10000000149011612
10303;73;12.0;20;0.10000000149011612
10304;31;10.0;4;0.0
10304;63;35.1;30;0.0
10304;68;10.0;15;0.0
10305;8;32.0;2;0.0
10305;29;99.0;14;0.0
10305;38;210.8;10;0.0
10306;13;4.6;10;0.0
10306;17;31.2;20;0.0
10306;60;27.2;12;0.0
10307;15;15.5;12;0.0
10307;69;28.8;15;0.0
10308;75;6.2;10;0.0
10309;7;24.0;5;0.0
10309;51;42.4;25;0.0
10309;54;5.9;12;0.0
10310;7;24.0;16;0.0
10310;56;38.0;50;0.0
10310;64;26.6;8;0.0
10311;14;18.6;12;0.0
10311;42;9.8;20;0.0
10311;60;27.2;10;0.0
10312;31;10.0;4;0.0
10312;72;34.8;15;0.0
10312;75;6.2;25;0.0
10313;1;14.4;12;0.0
10313;23;7.2;18;0.0
10313;46;12.0;6;0.0
10314;4;17.6;12;0.0
10314;58;10.6;20;0.0
10315;11;14.0;10;0.0
10315;42;9.8;6;0.0
10316;23;7.2;40;0.0
10316;63;35.1;20;0.0
10316;72;34.8;15;0.0
10317;31;10.0;10;0.0
10317;57;15.6;20;0.0
10317;59;44.0;8;0.0
10318;36;15.2;6;0.0
10318;52;5.6;40;0.0
10318;61;22.8;30;0.0
10319;16;13.9;30;0.0
10319;25;11.2;10;0.0
10319;40;14.7;20;0.0
10320;18;50.0;20;0.0
10320;43;36.8;24;0.0
10320;46;12.0;15;0.0
10321;35;14.4;10;0.0
10321;41;7.7;20;0.0
10321;68;10.0;8;0.0
10322;52;5.6;12;0.0
10322;64;26.6;18;0.0
10323;21;8.0;40;0.0
10323;29;99.0;20;0.0
10323;51;42.4;30;0.0
10324;19;7.3;30;0.0
10324;35;14.4;20;0.0
10324;55;19.2;15;0.0
10325;6;20.0;6;0.0
10325;13;4.6;12;0.0
10325;14;18.6;9;0.0
10325;31;10.0;4;0.0
10326;4;17.6;12;0.0
10326;18;50.0;15;0.0
10326;50;13.0;6;0.0
10327;1;14.4;40;0.0
10327;35;14.4;20;0.0
10328;26;24.9;6;0.0
10328;52;5.6;10;0.0
10329;11;14.0;12;0.10000000149011612
10329;28;36.4;6;0.10000000149011612
10329;56;38.0;4;0.10000000149011612
10330;35;14.4;10;0.0
10330;40;14.7;12;0.0
10330;56;38.0;5;0.0
10331;1;14.4;24;0.0
10331;18;50.0;10;0.0
10331;46;12.0;15;0.0
10332;11;14.0;15;0.0
10332;56;38.0;12;0.0
10333;2;15.2;25;0.0
10333;36;15.2;20;0.0
10333;41;7.7;20;0.0
10334;7;24.0;20;0.10000000149011612
10334;22;16.8;30;0.10000000149011612
10334;46;12.0;30;0.10000000149011612
10334;55;19.2;60;0.10000000149011612
10335;16;13.9;20;0.0
10335;36;15.2;35;0.0
10335;52;5.6;24;0.0
10336;11;14.0;12;0.0
10336;65;16.8;20;0.0
10337;18;50.0;50;0.0
10337;36;15.2;25;0.0
10337;63;35.1;30;0.0
10338;13;4.6;6;0.0
10338;23;7.2;24;0.0
10338;35;14.4;30;0.0
10338;42;9.8;8;0.0
10339;38;210.8;8;0.0
10339;66;13.6;20;0.0
10340;18;50.0;20;0.0
10340;43;36.8;20;0.0
10340;46;12.0;10;0.0
10341;33;2.0;24;0.0
10341;71;17.2;15;0.0
10342;23;7.2;30;0.0
10342;35;14.4;30;0.0
10342;38;210.8;10;0.0
10342;41;7.7;6;0.0
10343;18;50.0;6;0.0
10343;36;15.2;28;0.0
10343;69;28.8;24;0.0
10344;4;17.6;35;0.0
10344;39;14.4;20;0.0
10344;54;5.9;10;0.0
10345;11;14.0;12;0.0
10345;42;9.8;15;0.0
10345;45;7.6;21;0.0
10346;13;4.6;6;0.0
10346;24;3.6;28;0.0
10346;46;12.0;30;0.0
10347;31;10.0;15;0.20000000298023224
10347;41;7.7;12;0.20000000298023224
10347;56;38.0;12;0.20000000298023224
10348;1;14.4;15;0.0
10348;23;7.2;21;0.0
10348;40;14.7;20;0.0
10348;56;38.0;12;0.0
10349;24;3.6;15;0.0
10349;54;5.9;21;0.0
10349;64;26.6;20;0.0
10350;50;13.0;15;0.05000000074505806
10350;69;28.8;18;0.05000000074505806
10350;71;17.2;30;0.05000000074505806
10351;38;210.8;20;0.0
10351;41;7.7;13;0.0
10352;11;14.0;6;0.0
10352;22;16.8;15;0.0
10352;45;7.6;20;0.0
10352;49;16.0;15;0.0
10353;25;11.2;20;0.0
10353;30;20.7;18;0.0
10353;49;16.0;12;0.0
10353;54;5.9;36;0.0
10354;11;14.0;20;0.0
10354;32;25.6;15;0.0
10354;57;15.6;20;0.0
10354;60;27.2;30;0.0
10355;39;14.4;20;0.0
10355;52;5.6;14;0.0
10356;14;18.6;12;0.0
10356;44;15.5;9;0.0
10356;47;7.6;40;0.0
10357;41;7.7;50;0.0
10357;69;28.8;30;0.0
10357;72;34.8;20;0.0
10358;21;8.0;60;0.0
10358;40;14.7;40;0.0
10358;60;27.2;30;0.0
10359;4;17.6;20;0.0
10359;6;20.0;30;0.0
10359;42;9.8;40;0.0
10360;16;13.9;15;0.0
10360;31;10.0;24;0.0
10360;65;16.8;8;0.0
10361;28;36.4;20;0.0
10361;39;14.4;120;0.0
10361;46;12.0;21;0.0
10362;14;18.6;50;0.10000000149011612
10362;21;8.0;90;0.10000000149011612
10362;71;17.2;30;0.10000000149011612
10362;72;34.8;30;0.10000000149011612
10363;11;14.0;20;0.0
10363;16;13.9;14;0.0
10363;22;16.8;24;0.0
10363;47;7.6;30;0.0
10364;14;18.6;20;0.0
10364;31;10.0;20;0.0
10364;71;17.2;30;0.0
10365;52;5.6;16;0.0
10365;59;44.0;50;0.0
10366;11;14.0;12;0.0
10366;18;50.0;40;0.0
10366;56;38.0;20;0.0
10367;25;11.2;6;0.0
10367;39;14.4;10;0.0
10367;40;14.7;6;0.0
10368;36;15.2;6;0.0
10368;52;5.6;40;0.0
10368;61;22.8;30;0.0
10369;1;14.4;20;0.0
10369;52;5.6;15;0.0
10369;76;14.4;30;0.0
10370;29;99.0;10;0.0
10370;59;44.0;10;0.0
10370;71;17.2;12;0.0
10371;26;24.9;6;0.0
10371;30;20.7;25;0.0
10371;74;8.6;20;0.0
10372;6;20.0;20;0.0
10372;14;18.6;10;0.0
10372;19;7.3;15;0.0
10372;45;7.6;21;0.0
10373;17;31.2;10;0.0
10373;31;10.0;20;0.0
10373;75;6.2;12;0.0
10373;76;14.4;15;0.0
10374;2;15.2;10;0.0
10374;63;35.1;20;0.0
10374;71;17.2;10;0.0
10375;24;3.6;12;0.0
10375;64;26.6;30;0.0
10376;27;35.1;15;0.0
10376;63;35.1;30;0.0
10376;75;6.2;20;0.0
10377;1;14.4;20;0.0
10377;19;7.3;15;0.0
10377;60;27.2;8;0.0
10378;7;24.0;10;0.0
10378;43;36.8;12;0.0
10378;72;34.8;10;0.0
10379;11;14.0;40;0.0
10379;17;31.2;25;0.0
10379;41;7.7;20;0.0
10380;30;20.7;18;0.0
10380;46;12.0;30;0.0
10380;74;8.6;18;0.0
10381;16;13.9;30;0.0
10381;19;7.3;12;0.0
10381;21;8.0;15;0.0
10382;24;3.6;20;0.0
10382;62;39.4;15;0.0
10382;70;12.0;8;0.0
10383;7;24.0;20;0.0
10383;46;12.0;8;0.0
10383;72;34.8;4;0.0
10384;26;24.9;20;0.0
10384;40;14.7;10;0.0
10384;60;27.2;15;0.0
10385;16;13.9;35;0.0
10385;35;14.4;20;0.0
10385;47;7.6;25;0.0
10386;24;3.6;15;0.0
10386;35;14.4;20;0.0
10386;46;12.0;30;0.0
10387;14;18.6;20;0.0
10387;21;8.0;15;0.0
10387;71;17.2;18;0.0
10388;1;14.4;25;0.0
10388;31;10.0;10;0.0
10388;65;16.8;12;0.0
10389;29;99.0;6;0.10000000149011612
10389;38;210.8;8;0.10000000149011612
10389;72;34.8;3;0.10000000149011612
10390;8;32.0;20;0.20000000298023224
10390;16;13.9;15;0.20000000298023224
10390;29;99.0;8;0.20000000298023224
10391;44;15.5;12;0.0
10391;51;42.4;12;0.0
10391;77;10.4;15;0.0
10392;31;10.0;16;0.0
10392;63;35.1;20;0.0
10392;72;34.8;10;0.0
10393;18;50.0;30;0.05000000074505806
10393;42;9.8;40;0.05000000074505806
10393;47;7.6;25;0.05000000074505806
10394;6;20.0;18;0.0
10394;28;36.4;12;0.0
10394;55;19.2;30;0.0
10395;24;3.6;10;0.0
10395;54;5.9;18;0.0
10395;64;26.6;20;0.0
10396;11;14.0;12;0.0
10396;16;13.9;20;0.0
10396;22;16.8;30;0.0
10397;30;20.7;20;0.0
10397;39;14.4;30;0.0
10397;53;26.2;25;0.0
10398;1;14.4;20;0.10000000149011612
10398;40;14.7;30;0.10000000149011612
10398;56;38.0;15;0.10000000149011612
10399;11;14.0;20;0.0
10399;23;7.2;40;0.0
10399;75;6.2;10;0.0
10400;2;15.2;20;0.0
10400;51;42.4;15;0.0
10400;70;12.0;25;0.0
10401;12;30.4;15;0.0
10401;32;25.6;10;0.0
10401;56;38.0;5;0.0
10402;13;4.6;48;0.05000000074505806
10402;35;14.4;24;0.05000000074505806
10402;68;10.0;20;0.05000000074505806
10403;1;14.4;12;0.0
10403;21;8.0;18;0.0
10403;28;36.4;20;0.0
10404;5;17.0;20;0.0
10404;29;99.0;15;0.0
10404;36;15.2;25;0.0
10405;18;50.0;20;0.0
10405;59;44.0;30;0.0
10405;76;14.4;15;0.0
10406;2;15.2;15;0.0
10406;20;64.8;5;0.0
10406;59;44.0;20;0.0
10407;15;15.5;15;0.10000000149011612
10407;25;11.2;30;0.10000000149011612
10407;49;16.0;40;0.10000000149011612
10408;40;14.7;10;0.0
10408;56;38.0;12;0.0
10408;72;34.8;5;0.0
10409;7;24.0;20;0.0
10409;16;13.9;30;0.0
10409;30;20.7;15;0.0
10410;19;7.3;20;0.0
10410;35;14.4;20;0.0
10410;49;16.0;15;0.0
10411;1;14.4;12;0.0
10411;39;14.4;45;0.0
10411;77;10.4;10;0.0
10412;13;4.6;10;0.0
10412;56;38.0;10;0.0
10412;65;16.8;15;0.0
10413;8;32.0;20;0.0
10413;42;9.8;12;0.0
10413;67;11.2;30;0.0
10414;14;18.6;25;0.0
10414;25;11.2;24;0.0
10414;31;10.0;18;0.0
10415;11;14.0;10;0.0
10415;41;7.7;20;0.0
10415;63;35.1;25;0.0
10416;3;8.0;10;0.0
10416;26;24.9;15;0.0
10416;38;210.8;5;0.0
10417;14;18.6;15;0.0
10417;52;5.6;6;0.0
10417;60;27.2;15;0.0
10418;11;14.0;20;0.0
10418;56;38.0;12;0.0
10418;65;16.8;15;0.0
10419;7;24.0;20;0.0
10419;17;31.2;15;0.0
10419;33;2.0;25;0.0
10420;2;15.2;30;0.0
10420;41;7.7;20;0.0
10420;50;13.0;30;0.0
10421;19;7.3;10;0.0
10421;37;20.8;6;0.0
10421;76;14.4;20;0.0
10422;19;7.3;35;0.0
10422;43;36.8;20;0.0
10422;70;12.0;25;0.0
10423;7;24.0;40;0.0
10423;26;24.9;24;0.0
10423;68;10.0;20;0.0
10424;26;24.9;6;0.0
10424;30;20.7;25;0.0
10424;43;36.8;24;0.0
10425;2;15.2;10;0.0
10425;3;8.0;15;0.0
10425;7;24.0;12;0.0
10426;14;18.6;18;0.0
10426;31;10.0;14;0.0
10426;75;6.2;10;0.0
10427;1;14.4;20;0.0
10427;4;17.6;30;0.0
10427;11;14.0;15;0.0
10427;50;13.0;10;0.0
10428;11;14.0;15;0.0
10428;22;16.8;30;0.0
10428;64;26.6;20;0.0
10429;16;13.9;20;0.0
10429;31;10.0;10;0.0
10429;43;36.8;25;0.0
10430;9;77.6;6;0.0
10430;13;4.6;12;0.0
10430;70;12.0;15;0.0
10431;1;14.4;20;0.0
10431;18;50.0;8;0.0
10431;56;38.0;12;0.0
10432;12;30.4;20;0.05000000074505806
10432;35;14.4;30;0.05000000074505806
10432;71;17.2;20;0.05000000074505806
10433;13;4.6;15;0.10000000149011612
10433;41;7.7;6;0.10000000149011612
10433;60;27.2;15;0.10000000149011612
10434;4;17.6;16;0.0
10434;17;31.2;36;0.0
10434;62;39.4;25;0.0
10435;1;14.4;10;0.0
10435;40;14.7;20;0.0
10435;63;35.1;20;0.0
10436;1;14.4;60;0.05000000074505806
10436;18;50.0;30;0.05000000074505806
10436;36;15.2;30;0.05000000074505806
10437;28;36.4;20;0.0
10437;34;11.2;25;0.0
10437;52;5.6;20;0.0
10438;13;4.6;8;0.0
10438;39;14.4;15;0.0
10438;71;17.2;12;0.0
10439;18;50.0;20;0.0
10439;29;99.0;20;0.0
10439;39;14.4;30;0.0
10440;4;17.6;20;0.0
10440;40;14.7;40;0.0
10440;71;17.2;15;0.0
10441;38;210.8;6;0.0
10441;46;12.0;15;0.0
10441;53;26.2;20;0.0
10442;11;14.0;6;0.0
10442;44;15.5;18;0.0
10442;51;42.4;15;0.0
10443;1;14.4;24;0.0
10443;23;7.2;20;0.0
10443;31;10.0;30;0.0
10444;17;31.2;30;0.0
10444;28;36.4;12;0.0
10444;62;39.4;40;0.0
10445;16;13.9;20;0.0
10445;39;14.4;30;0.0
10445;47;7.6;40;0.0
10446;4;17.6;21;0.0
10446;34;11.2;10;0.0
10446;56;38.0;20;0.0
10447;19;7.3;30;0.0
10447;38;210.8;10;0.0
10447;41;7.7;20;0.0
10448;26;24.9;6;0.0
10448;30;20.7;20;0.0
10448;43;36.8;18;0.0
10449;28;36.4;25;0.10000000149011612
10449;39;14.4;20;0.10000000149011612
10449;46;12.0;15;0.10000000149011612
10450;7;24.0;15;0.0
10450;52;5.6;6;0.0
10450;71;17.2;10;0.0
10451;26;24.9;12;0.0
10451;44;15.5;40;0.0
10451;45;7.6;21;0.0
10452;8;32.0;10;0.0
10452;19;7.3;20;0.0
10452;63;35.1;12;0.0
10453;24;3.6;15;0.0
10453;48;10.2;15;0.0
10454;1;14.4;12;0.0
10454;29;99.0;18;0.0
10454;60;27.2;15;0.0
10455;4;17.6;15;0.0
10455;8;32.0;6;0.0
10455;24;3.6;15;0.0
10455;48;10.2;15;0.0
10456;16;13.9;30;0.0
10456;33;2.0;20;0.0
10456;42;9.8;25;0.0
10457;17;31.2;10;0.0
10457;34;11.2;20;0.0
10457;41;7.7;20;0.0
10458;30;20.7;15;0.0
10458;47;7.6;12;0.0
10458;70;12.0;20;0.0
10459;19;7.3;12;0.0
10459;30;20.7;25;0.0
10459;38;210.8;10;0.0
10460;4;17.6;30;0.0
10460;13;4.6;6;0.0
10460;47;7.6;40;0.0
10461;1;14.4;12;0.10000000149011612
10461;39;14.4;20;0.10000000149011612
10461;56;38.0;10;0.10000000149011612
10462;25;11.2;6;0.0
10462;27;35.1;15;0.0
10462;63;35.1;10;0.0
10463;18;50.0;20;0.0
10463;30;20.7;15;0.0
10463;57;15.6;6;0.0
10464;41;7.7;20;0.0
10464;51;42.4;15;0.0
10464;76;14.4;15;0.0
10465;17;31.2;30;0.0
10465;24;3.6;12;0.0
10465;67;11.2;20;0.0
10466;12;30.4;30;0.0
10466;31;10.0;12;0.0
10466;32;25.6;15;0.0
10467;21;8.0;40;0.0
10467;54;5.9;10;0.0
10467;76;14.4;5;0.0
10468;30;20.7;20;0.0
10468;35;14.4;30;0.0
10468;40;14.7;20;0.0
10469;17;31.2;35;0.0
10469;40;14.7;35;0.0
10469;47;7.6;30;0.0
10470;18;50.0;20;0.0
10470;45;7.6;21;0.0
10470;52;5.6;40;0.0
10471;14;18.6;25;0.05000000074505806
10471;46;12.0;6;0.05000000074505806
10471;63;35.1;15;0.05000000074505806
10472;33;2.0;6;0.0
10472;70;12.0;9;0.0
10473;17;31.2;10;0.15000000596046448
10473;21;8.0;20;0.15000000596046448
10473;89;0.0;0;0.0
10474;4;17.6;25;0.0
10474;5;17.0;10;0.0
10474;59;44.0;6;0.0
10475;11;14.0;12;0.0
10475;16;13.9;15;0.0
10475;31;10.0;20;0.0
10476;36;15.2;6;0.0
10476;52;5.6;6;0.0
10476;64;26.6;6;0.0
10477;9;77.6;20;0.0
10477;34;11.2;12;0.0
10477;57;15.6;40;0.0
10478;1;14.4;20;0.0
10478;2;15.2;10;0.0
10478;23;7.2;15;0.0
10479;38;210.8;8;0.0
10479;69;28.8;15;0.0
10479;70;12.0;20;0.0
10480;18;50.0;30;0.0
10480;41;7.7;10;0.0
10480;43;36.8;25;0.0
10481;7;24.0;20;0.0
10481;59;44.0;10;0.0
10481;76;14.4;15;0.0
10482;30;20.7;22;0.0
10482;47;7.6;10;0.0
10482;51;42.4;8;0.0
10483;13;4.6;20;0.0
10483;17;31.2;15;0.0
10483;24;3.6;10;0.0
10484;24;3.6;20;0.0
10484;38;210.8;20;0.0
10484;68;10.0;15;0.0
10485;7;24.0;15;0.0
10485;51;42.4;20;0.0
10485;72;34.8;10;0.0
10486;1;14.4;20;0.0
10486;24;3.6;15;0.0
10486;64;26.6;20;0.0
10487;19;7.3;50;0.0
10487;37;20.8;25;0.0
10487;76;14.4;30;0.0
10488;28;36.4;20;0.05000000074505806
10488;34;11.2;30;0.05000000074505806
10488;52;5.6;15;0.05000000074505806
10489;11;14.0;15;0.0
10489;62;39.4;20;0.0
10489;72;34.8;10;0.0
10490;1;14.4;20;0.10000000149011612
10490;29;99.0;6;0.10000000149011612
10490;71;17.2;15;0.10000000149011612
10491;2;15.2;30;0.0
10491;54;5.9;20;0.0
10491;68;10.0;15;0.0
10492;20;64.8;20;0.0
10492;52;5.6;30;0.0
10492;76;14.4;10;0.0
10493;10;24.8;12;0.0
10493;31;10.0;30;0.0
10493;47;7.6;12;0.0
10494;13;4.6;15;0.0
10494;62;39.4;25;0.0
10494;77;10.4;30;0.0
10495;24;3.6;30;0.0
10495;64;26.6;20;0.0
10495;65;16.8;12;0.0
10496;11;14.0;20;0.05000000074505806
10496;17;31.2;15;0.05000000074505806
10496;75;6.2;25;0.05000000074505806
10497;12;30.4;20;0.0
10497;18;50.0;15;0.0
10497;56;38.0;8;0.0
10498;26;24.9;20;0.0
10498;45;7.6;15;0.0
10498;77;10.4;8;0.0
10499;19;7.3;20;0.0
10499;23;7.2;40;0.0
10499;40;14.7;30;0.0
10500;1;14.4;10;0.15000000596046448
10500;11;14.0;12;0.15000000596046448
10500;23;7.2;15;0.15000000596046448
10501;30;20.7;25;0.0
10501;56;38.0;12;0.0
10501;62;39.4;30;0.0
10502;17;31.2;40;0.20000000298023224
10502;24;3.6;20;0.20000000298023224
10502;48;10.2;25;0.20000000298023224
10503;27;35.1;25;0.0
10503;39;14.4;50;0.0
10503;71;17.2;15;0.0
10504;11;14.0;20;0.0
10504;50;13.0;10;0.0
10504;65;16.8;25;0.0
10505;18;50.0;30;0.05000000074505806
10505;59;44.0;20;0.05000000074505806
10505;76;14.4;10;0.05000000074505806
10506;16;13.9;30;0.0
10506;33;2.0;40;0.0
10506;46;12.0;15;0.0
10507;1;14.4;30;0.0
10507;14;18.6;20;0.0
10507;21;8.0;20;0.0
10508;23;7.2;12;0.0
10508;41;7.7;20;0.0
10508;77;10.4;10;0.0
10509;6;20.0;25;0.0
10509;11;14.0;15;0.0
10509;21;8.0;15;0.0
10510;50;13.0;30;0.0
10510;63;35.1;15;0.0
10510;72;34.8;8;0.0
10511;17;31.2;30;0.0
10511;24;3.6;18;0.0
10511;59;44.0;12;0.0
10512;14;18.6;10;0.0
10512;28;36.4;8;0.0
10512;45;7.6;20;0.0
10513;1;14.4;20;0.0
10513;18;50.0;12;0.0
10513;68;10.0;15;0.0
10514;33;2.0;25;0.0
10514;41;7.7;12;0.0
10514;62;39.4;30;0.0
10515;11;14.0;15;0.10000000149011612
10515;43;36.8;20;0.10000000149011612
10515;56;38.0;15;0.10000000149011612
10516;2;15.2;20;0.0
10516;31;10.0;20;0.0
10516;61;22.8;15;0.0
10517;16;13.9;30;0.0
10517;24;3.6;12;0.0
10517;76;14.4;20;0.0
10518;7;24.0;10;0.0
10518;60;27.2;20;0.0
10518;72;34.8;10;0.0
10519;12;30.4;15;0.0
10519;16;13.9;25;0.0
10519;35;14.4;20;0.0
10520;3;8.0;30;0.0
10520;41;7.7;15;0.0
10520;68;10.0;20;0.0
10521;19;7.3;12;0.0
10521;26;24.9;15;0.0
10521;53;26.2;20;0.0
10522;24;3.6;20;0.0
10522;36;15.2;25;0.0
10522;40;14.7;12;0.0
10523;10;24.8;20;0.0
10523;28;36.4;15;0.0
10523;34;11.2;20;0.0
10524;11;14.0;20;0.0
10524;16;13.9;15;0.0
10524;69;28.8;10;0.0
10525;18;50.0;25;0.0
10525;42;9.8;12;0.0
10525;52;5.6;15;0.0
10526;12;30.4;16;0.0
10526;32;25.6;40;0.0
10526;52;5.6;15;0.0
10527;11;14.0;12;0.0
10527;23;7.2;20;0.0
10527;41;7.7;12;0.0
10528;14;18.6;15;0.0
10528;21;8.0;25;0.0
10528;71;17.2;20;0.0
10529;17;31.2;30;0.0
10529;59;44.0;25;0.0
10529;70;12.0;12;0.0
10530;9;77.6;10;0.0
10530;34;11.2;20;0.0
10530;38;210.8;10;0.0
10531;1;14.4;25;0.0
10531;33;2.0;40;0.0
10531;52;5.6;25;0.0
10532;7;24.0;20;0.0
10532;11;14.0;15;0.0
10532;31;10.0;30;0.0
10533;21;8.0;40;0.0
10533;30;20.7;20;0.0
10533;77;10.4;12;0.0
10534;14;18.6;30;0.0
10534;25;11.2;12;0.0
10534;60;27.2;10;0.0
10535;1;14.4;20;0.0
10535;35;14.4;18;0.0
10535;42;9.8;12;0.0
10536;13;4.6;20;0.0
10536;24;3.6;20;0.0
10536;59;44.0;8;0.0
10537;17;31.2;25;0.0
10537;31;10.0;20;0.0
10537;45;7.6;15;0.0
10538;18;50.0;20;0.0
10538;29;99.0;20;0.0
10538;39;14.4;20;0.0
10539;1;14.4;12;0.0
10539;34;11.2;25;0.0
10539;71;17.2;30;0.0
10540;11;14.0;20;0.10000000149011612
10540;21;8.0;15;0.10000000149011612
10540;62;39.4;15;0.10000000149011612
10541;16;13.9;20;0.0
10541;19;7.3;12;0.0
10541;33;2.0;40;0.0
10542;9;77.6;12;0.0
10542;28;36.4;20;0.0
10542;45;7.6;30;0.0
10543;1;14.4;10;0.0
10543;23;7.2;20;0.0
10543;41;7.7;12;0.0
10544;11;14.0;20;0.0
10544;18;50.0;15;0.0
10544;56;38.0;10;0.0
10545;7;24.0;10;0.0
10545;32;25.6;20;0.0
10545;76;14.4;15;0.0
10546;13;4.6;28;0.05000000074505806
10546;42;9.8;12;0.05000000074505806
10546;62;39.4;20;0.05000000074505806
10547;24;3.6;20;0.0
10547;38;210.8;10;0.0
10547;41;7.7;12;0.0
10548;19;7.3;20;0.0
10548;21;8.0;12;0.0
10548;32;25.6;6;0.0
10549;11;14.0;30;0.0
10549;39;14.4;20;0.0
10549;42;9.8;12;0.0
10550;1;14.4;20;0.0
10550;16;13.9;30;0.0
10550;63;35.1;10;0.0
10551;20;64.8;12;0.0
10551;33;2.0;40;0.0
10551;61;22.8;20;0.0
10552;28;36.4;10;0.0
10552;34;11.2;25;0.0
10552;46;12.0;20;0.0
10553;11;14.0;15;0.0
10553;24;3.6;30;0.0
10553;75;6.2;25;0.0
10554;10;24.8;12;0.0
10554;31;10.0;30;0.0
10554;41;7.7;20;0.0
10555;17;31.2;25;0.0
10555;28;36.4;20;0.0
10555;60;27.2;15;0.0
10556;21;8.0;12;0.0
10556;30;20.7;25;0.0
10556;41;7.7;15;0.0
10557;26;24.9;20;0.0
10557;52;5.6;10;0.0
10557;63;35.1;12;0.0
10558;16;13.9;30;0.0
10558;24;3.6;20;0.0
10558;44;15.5;20;0.0
10559;19;7.3;20;0.0
10559;23;7.2;40;0.0
10559;70;12.0;20;0.0
10560;18;50.0;30;0.05000000074505806
10560;41;7.7;12;0.05000000074505806
10560;46;12.0;20;0.05000000074505806
10561;7;24.0;10;0.0
10561;24;3.6;20;0.0
10561;63;35.1;12;0.0
10562;11;14.0;15;0.0
10562;31;10.0;20;0.0
10562;45;7.6;18;0.0
10563;1;14.4;20;0.0
10563;16;13.9;25;0.0
10563;30;20.7;12;0.0
10564;24;3.6;20;0.0
10564;34;11.2;15;0.0
10564;65;16.8;20;0.0
10565;17;31.2;18;0.0
10565;33;2.0;40;0.0
10565;40;14.7;12;0.0
10566;18;50.0;20;0.0
10566;28;36.4;25;0.0
10566;75;6.2;30;0.0
10567;11;14.0;12;0.0
10567;54;5.9;20;0.0
10567;64;26.6;10;0.0
10568;14;18.6;15;0.0
10568;21;8.0;12;0.0
10568;41;7.7;20;0.0
10569;19;7.3;20;0.0
10569;26;24.9;15;0.0
10569;52;5.6;12;0.0
10570;7;24.0;25;0.0
10570;25;11.2;20;0.0
10570;41;7.7;15;0.0
10571;11;14.0;20;0.0
10571;33;2.0;40;0.0
10571;75;6.2;18;0.0
10572;17;31.2;20;0.0
10572;28;36.4;15;0.0
10572;55;19.2;12;0.0
10573;1;14.4;20;0.0
10573;24;3.6;18;0.0
10573;62;39.4;12;0.0
10574;12;30.4;15;0.0
10574;32;25.6;20;0.0
10574;41;7.7;12;0.0
10575;16;13.9;20;0.0
10575;36;15.2;25;0.0
10575;59;44.0;12;0.0
10576;14;18.6;20;0.0
10576;28;36.4;10;0.0
10576;45;7.6;12;0.0
10577;7;24.0;40;0.0
10577;62;39.4;15;0.0
10577;75;6.2;25;0.0
10578;11;14.0;20;0.0
10578;23;7.2;25;0.0
10578;68;10.0;20;0.0
10579;17;31.2;20;0.0
10579;40;14.7;15;0.0
10579;70;12.0;12;0.0
10580;3;8.0;25;0.0
10580;55;19.2;12;0.0
10580;75;6.2;20;0.0
10581;1;14.4;30;0.0
10581;18;50.0;10;0.0
10581;62;39.4;12;0.0
10582;23;7.2;25;0.0
10582;41;7.7;20;0.0
10582;77;10.4;20;0.0
10583;14;18.6;20;0.0
10583;28;36.4;15;0.0
10583;59;44.0;12;0.0
10584;11;14.0;30;0.0
10584;24;3.6;20;0.0
10584;40;14.7;20;0.0
10585;17;31.2;25;0.0
10585;31;10.0;12;0.0
10585;45;7.6;20;0.0
10586;12;30.4;18;0.0
10586;32;25.6;30;0.0
10586;75;6.2;25;0.0
10587;20;64.8;12;0.0
10587;33;2.0;50;0.0
10587;41;7.7;20;0.0
10588;1;14.4;25;0.0
10588;11;14.0;12;0.0
10588;16;13.9;20;0.0
10589;7;24.0;20;0.0
10589;36;15.2;20;0.0
10589;52;5.6;10;0.0
10590;23;7.2;25;0.0
10590;41;7.7;20;0.0
10590;62;39.4;12;0.0
10591;17;31.2;25;0.0
10591;28;36.4;15;0.0
10591;59;44.0;10;0.0
10592;1;14.4;20;0.0
10592;19;7.3;12;0.0
10592;43;36.8;12;0.0
10593;11;14.0;15;0.0
10593;32;25.6;30;0.0
10593;68;10.0;10;0.0
10594;12;30.4;20;0.0
10594;33;2.0;40;0.0
10594;52;5.6;15;0.0
10595;17;31.2;30;0.0
10595;26;24.9;25;0.0
10595;77;10.4;15;0.0
10596;7;24.0;20;0.0
10596;28;36.4;20;0.0
10596;45;7.6;12;0.0
10597;1;14.4;12;0.0
10597;62;39.4;10;0.0
10597;75;6.2;25;0.0
10598;17;31.2;20;0.0
10598;24;3.6;20;0.0
10598;36;15.2;12;0.0
10599;14;18.6;25;0.0
10599;21;8.0;20;0.0
10599;41;7.7;15;0.0
10600;7;24.0;30;0.0
10600;53;26.2;20;0.0
10600;70;12.0;12;0.0
10601;11;14.0;20;0.0
10601;31;10.0;25;0.0
10601;41;7.7;20;0.0
10602;1;14.4;25;0.0
10602;24;3.6;20;0.0
10602;52;5.6;25;0.0
10603;14;18.6;20;0.0
10603;21;8.0;12;0.0
10603;70;12.0;15;0.0
10604;17;31.2;25;0.0
10604;28;36.4;15;0.0
10604;59;44.0;12;0.0
10605;11;14.0;15;0.0
10605;34;11.2;20;0.0
10605;41;7.7;12;0.0
10606;7;24.0;25;0.0
10606;62;39.4;15;0.0
10606;75;6.2;20;0.0
10607;17;31.2;30;0.0
10607;39;14.4;25;0.0
10607;41;7.7;15;0.0
10608;24;3.6;20;0.0
10608;52;5.6;15;0.0
10608;68;10.0;10;0.0
10609;18;50.0;20;0.0
10609;43;36.8;15;0.0
10609;77;10.4;20;0.0
10610;12;30.4;15;0.0
10610;31;10.0;25;0.0
10610;60;27.2;15;0.0
10611;1;14.4;18;0.0
10611;33;2.0;40;0.0
10611;52;5.6;20;0.0
10612;14;18.6;20;0.0
10612;28;36.4;15;0.0
10612;41;7.7;20;0.0
10613;17;31.2;25;0.0
10613;23;7.2;20;0.0
10613;75;6.2;25;0.0
10614;11;14.0;25;0.0
10614;30;20.7;20;0.0
10614;62;39.4;15;0.0
10615;7;24.0;30;0.0
10615;25;11.2;20;0.0
10615;52;5.6;18;0.0
10616;24;3.6;20;0.0
10616;34;11.2;20;0.0
10616;65;16.8;20;0.0
10617;1;14.4;12;0.0
10617;18;50.0;18;0.0
10617;72;34.8;10;0.0
10618;11;14.0;25;0.0
10618;41;7.7;20;0.0
10618;52;5.6;25;0.0
10619;14;18.6;15;0.0
10619;21;8.0;20;0.0
10619;60;27.2;15;0.0
10620;17;31.2;30;0.0
10620;29;99.0;10;0.0
10620;70;12.0;12;0.0
10621;12;30.4;20;0.0
10621;41;7.7;15;0.0
10621;75;6.2;20;0.0
10622;7;24.0;20;0.0
10622;62;39.4;18;0.0
10622;76;14.4;10;0.0
10623;1;14.4;25;0.0
10623;24;3.6;20;0.0
10623;52;5.6;25;0.0
10624;14;18.6;20;0.0
10624;59;44.0;12;0.0
10624;70;12.0;10;0.0
10625;17;31.2;25;0.0
10625;28;36.4;20;0.0
10625;32;25.6;20;0.0
10626;1;14.4;30;0.0
10626;24;3.6;25;0.0
10626;40;14.7;15;0.0
10627;11;14.0;20;0.0
10627;18;50.0;15;0.0
10627;77;10.4;15;0.0
10628;12;30.4;20;0.0
10628;33;2.0;40;0.0
10628;45;7.6;15;0.0
10629;17;31.2;25;0.0
10629;21;8.0;20;0.0
10629;41;7.7;20;0.0
10630;7;24.0;20;0.0
10630;62;39.4;15;0.0
10630;75;6.2;30;0.0
10631;11;14.0;20;0.0
10631;34;11.2;18;0.0
10631;46;12.0;20;0.0
10632;1;14.4;25;0.0
10632;31;10.0;25;0.0
10632;52;5.6;20;0.0
10633;14;18.6;20;0.0
10633;28;36.4;15;0.0
10633;59;44.0;15;0.0
10634;17;31.2;25;0.0
10634;23;7.2;15;0.0
10634;45;7.6;20;0.0
10635;12;30.4;20;0.0
10635;32;25.6;25;0.0
10635;41;7.7;15;0.0
10636;1;14.4;25;0.0
10636;16;13.9;18;0.0
10636;43;36.8;12;0.0
10637;7;24.0;20;0.0
10637;24;3.6;20;0.0
10637;52;5.6;20;0.0
10638;14;18.6;30;0.0
10638;28;36.4;15;0.0
10638;75;6.2;20;0.0
10639;17;31.2;25;0.0
10639;31;10.0;20;0.0
10639;59;44.0;10;0.0
10640;1;14.4;20;0.0
10640;19;7.3;20;0.0
10640;43;36.8;10;0.0
10641;11;14.0;25;0.0
10641;30;20.7;12;0.0
10641;62;39.4;20;0.0
10642;12;30.4;20;0.0
10642;32;25.6;30;0.0
10642;41;7.7;18;0.0
10642;68;10.0;10;0.0
10643;1;14.4;30;0.0
10643;18;50.0;15;0.0
10643;52;5.6;25;0.0
10643;75;6.2;20;0.0
10644;14;18.6;25;0.0
10644;28;36.4;20;0.0
10644;59;44.0;12;0.0
10644;70;12.0;10;0.0
10645;17;31.2;15;0.0
10645;31;10.0;10;0.0
10645;41;7.7;20;0.0
10645;75;6.2;20;0.0
10646;1;14.4;25;0.0
10646;24;3.6;20;0.0
10646;52;5.6;20;0.0
10646;62;39.4;15;0.0
10647;11;14.0;20;0.0
10647;30;20.7;20;0.0
10647;41;7.7;15;0.0
10647;77;10.4;12;0.0
10648;7;24.0;15;0.0
10648;25;11.2;20;0.0
10648;52;5.6;12;0.0
10648;75;6.2;20;0.0
10649;12;30.4;20;0.0
10649;32;25.6;25;0.0
10649;41;7.7;15;0.0
10649;52;5.6;18;0.0
10650;17;31.2;20;0.0
10650;23;7.2;15;0.0
10650;59;44.0;12;0.0
10650;70;12.0;10;0.0
10651;14;18.6;12;0.0
10651;28;36.4;18;0.0
10651;52;5.6;15;0.0
10652;7;24.0;20;0.0
10652;16;13.9;18;0.0
10652;60;27.2;12;0.0
10653;11;14.0;24;0.0
10653;20;64.8;18;0.0
10653;44;15.5;25;0.0
10654;1;14.4;20;0.0
10654;23;7.2;30;0.0
10654;68;10.0;20;0.0
10655;17;31.2;25;0.0
10655;31;10.0;12;0.0
10655;41;7.7;20;0.0
10656;18;50.0;20;0.0
10656;36;15.2;25;0.0
10656;59;44.0;12;0.0
10657;7;24.0;15;0.0
10657;25;11.2;20;0.0
10657;52;5.6;18;0.0
10658;12;30.4;20;0.0
10658;28;36.4;15;0.0
10658;72;34.8;10;0.0
10659;11;14.0;25;0.0
10659;33;2.0;40;0.0
10659;52;5.6;20;0.0
10660;14;18.6;12;0.0
10660;24;3.6;20;0.0
10660;60;27.2;15;0.0
10661;1;14.4;20;0.0
10661;18;50.0;18;0.0
10661;43;36.8;12;0.0
10662;17;31.2;25;0.0
10662;39;14.4;20;0.0
10662;71;17.2;15;0.0
10663;19;7.3;15;0.0
10663;23;7.2;25;0.0
10663;68;10.0;10;0.0
10664;12;30.4;20;0.0
10664;32;25.6;25;0.0
10664;45;7.6;15;0.0
10665;14;18.6;18;0.0
10665;28;36.4;20;0.0
10665;41;7.7;20;0.0
10666;7;24.0;30;0.0
10666;25;11.2;20;0.0
10666;52;5.6;15;0.0
10667;11;14.0;25;0.0
10667;31;10.0;20;0.0
10667;77;10.4;15;0.0
10668;17;31.2;25;0.0
10668;23;7.2;20;0.0
10668;59;44.0;12;0.0
10669;1;14.4;25;0.0
10669;24;3.6;20;0.0
10669;75;6.2;20;0.0
10670;12;30.4;20;0.0
10670;34;11.2;25;0.0
10670;60;27.2;15;0.0
10671;14;18.6;20;0.0
10671;28;36.4;18;0.0
10671;41;7.7;20;0.0
10672;17;31.2;25;0.0
10672;23;7.2;20;0.0
10672;52;5.6;18;0.0
10673;11;14.0;25;0.0
10673;30;20.7;20;0.0
10673;62;39.4;15;0.0
10674;7;24.0;20;0.0
10674;28;36.4;15;0.0
10674;45;7.6;12;0.0
10675;12;30.4;20;0.0
10675;32;25.6;30;0.0
10675;68;10.0;10;0.0
10676;1;14.4;20;0.0
10676;11;14.0;12;0.0
10676;75;6.2;25;0.0
10677;17;31.2;30;0.0
10677;31;10.0;20;0.0
10677;59;44.0;10;0.0
10678;7;24.0;20;0.0
10678;24;3.6;20;0.0
10678;52;5.6;20;0.0
10679;12;30.4;20;0.0
10679;34;11.2;20;0.0
10679;41;7.7;15;0.0
10680;17;31.2;20;0.0
10680;28;36.4;20;0.0
10680;59;44.0;10;0.0
10681;14;18.6;20;0.0
10681;25;11.2;20;0.0
10681;52;5.6;15;0.0
10682;7;24.0;20;0.0
10682;24;3.6;20;0.0
10682;41;7.7;12;0.0
10683;11;14.0;20;0.0
10683;30;20.7;18;0.0
10683;62;39.4;15;0.0
10684;12;30.4;18;0.0
10684;32;25.6;25;0.0
10684;75;6.2;20;0.0
10685;7;24.0;30;0.0
10685;25;11.2;20;0.0
10685;52;5.6;15;0.0
10686;1;14.4;25;0.0
10686;24;3.6;20;0.0
10686;75;6.2;20;0.0
10687;12;30.4;20;0.0
10687;32;25.6;25;0.0
10687;41;7.7;15;0.0
10688;17;31.2;20;0.0
10688;23;7.2;20;0.0
10688;45;7.6;12;0.0
10689;14;18.6;25;0.0
10689;28;36.4;20;0.0
10689;59;44.0;12;0.0
10690;11;14.0;20;0.0
10690;30;20.7;15;0.0
10690;62;39.4;15;0.0
10691;7;24.0;20;0.0
10691;24;3.6;25;0.0
10691;52;5.6;20;0.0
10692;12;30.4;20;0.0
10692;34;11.2;20;0.0
10692;41;7.7;12;0.0
10693;17;31.2;25;0.0
10693;23;7.2;20;0.0
10693;52;5.6;18;0.0
10694;1;14.4;30;0.0
10694;24;3.6;20;0.0
10694;60;27.2;12;0.0
10695;11;14.0;25;0.0
10695;30;20.7;20;0.0
10695;41;7.7;15;0.0
10696;7;24.0;20;0.0
10696;25;11.2;20;0.0
10696;52;5.6;15;0.0
10697;12;30.4;20;0.0
10697;28;36.4;20;0.0
10697;75;6.2;25;0.0
10698;14;18.6;20;0.0
10698;32;25.6;25;0.0
10698;59;44.0;10;0.0
10699;17;31.2;25;0.0
10699;31;10.0;20;0.0
10699;45;7.6;15;0.0
10700;1;14.4;25;0.0
10700;24;3.6;18;0.0
10700;52;5.6;20;0.0
10751;14;18.6;20;0.0
10751;28;36.4;18;0.0
10751;41;7.7;15;0.0
10752;7;24.0;20;0.0
10752;24;3.6;20;0.0
10752;52;5.6;18;0.0
10753;12;30.4;20;0.0
10753;32;25.6;25;0.0
10753;75;6.2;20;0.0
10754;1;14.4;20;0.0
10754;18;50.0;18;0.0
10754;43;36.8;12;0.0
10755;14;18.6;20;0.0
10755;25;11.2;20;0.0
10755;52;5.6;15;0.0
10756;11;14.0;25;0.0
10756;30;20.7;20;0.0
10756;62;39.4;15;0.0
10757;7;24.0;20;0.0
10757;24;3.6;25;0.0
10757;52;5.6;20;0.0
10758;12;30.4;20;0.0
10758;34;11.2;20;0.0
10758;41;7.7;12;0.0
10759;17;31.2;25;0.0
10759;23;7.2;20;0.0
10759;52;5.6;18;0.0
10760;1;14.4;30;0.0
10760;24;3.6;20;0.0
10760;60;27.2;12;0.0
10761;11;14.0;25;0.0
10761;30;20.7;20;0.0
10761;41;7.7;15;0.0
10762;7;24.0;20;0.0
10762;25;11.2;20;0.0
10762;52;5.6;15;0.0
10763;12;30.4;20;0.0
10763;28;36.4;20;0.0
10763;75;6.2;25;0.0
10764;14;18.6;20;0.0
10764;32;25.6;25;0.0
10764;59;44.0;10;0.0
10765;17;31.2;25;0.0
10765;31;10.0;20;0.0
10765;45;7.6;15;0.0
10766;1;14.4;25;0.0
10766;24;3.6;18;0.0
10766;52;5.6;20;0.0
10767;14;18.6;20;0.0
10767;28;36.4;20;0.0
10767;59;44.0;12;0.0
10768;11;14.0;20;0.0
10768;30;20.7;15;0.0
10768;62;39.4;15;0.0
10769;7;24.0;20;0.0
10769;24;3.6;20;0.0
10769;41;7.7;20;0.0
10770;12;30.4;20;0.0
10770;32;25.6;30;0.0
10770;75;6.2;20;0.0
10771;1;14.4;25;0.0
10771;24;3.6;20;0.0
10771;75;6.2;20;0.0
10772;12;30.4;20;0.0
10772;32;25.6;25;0.0
10772;41;7.7;15;0.0
10773;17;31.2;20;0.0
10773;23;7.2;20;0.0
10773;45;7.6;12;0.0
10774;14;18.6;25;0.0
10774;28;36.4;20;0.0
10774;59;44.0;12;0.0
10775;11;14.0;20;0.0
10775;30;20.7;20;0.0
10775;41;7.7;15;0.0
10776;7;24.0;20;0.0
10776;25;11.2;20;0.0
10776;52;5.6;15;0.0
10777;12;30.4;20;0.0
10777;28;36.4;20;0.0
10777;75;6.2;25;0.0
10778;14;18.6;20;0.0
10778;32;25.6;25;0.0
10778;59;44.0;10;0.0
10779;17;31.2;25;0.0
10779;31;10.0;20;0.0
10779;45;7.6;15;0.0
10780;1;14.4;25;0.0
10780;24;3.6;18;0.0
10780;52;5.6;20;0.0
10781;14;18.6;20;0.0
10781;28;36.4;20;0.0
10781;59;44.0;12;0.0
10782;11;14.0;20;0.0
10782;30;20.7;15;0.0
10782;62;39.4;15;0.0
10783;7;24.0;20;0.0
10783;24;3.6;20;0.0
10783;41;7.7;20;0.0
10784;12;30.4;20;0.0
10784;32;25.6;30;0.0
10784;75;6.2;20;0.0
10785;1;14.4;25;0.0
10785;24;3.6;20;0.0
10785;75;6.2;20;0.0
10786;12;30.4;20;0.0
10786;32;25.6;25;0.0
10786;41;7.7;15;0.0
10787;17;31.2;20;0.0
10787;23;7.2;20;0.0
10787;45;7.6;12;0.0
10788;14;18.6;25;0.0
10788;28;36.4;20;0.0
10788;59;44.0;12;0.0
10789;11;14.0;20;0.0
10789;30;20.7;20;0.0
10789;41;7.7;15;0.0
10790;7;24.0;20;0.0
10790;25;11.2;20;0.0
10790;52;5.6;15;0.0
10791;12;30.4;20;0.0
10791;28;36.4;20;0.0
10791;75;6.2;25;0.0
10792;14;18.6;20;0.0
10792;32;25.6;25;0.0
10792;59;44.0;10;0.0
10793;17;31.2;25;0.0
10793;31;10.0;20;0.0
10793;45;7.6;15;0.0
10794;1;14.4;25;0.0
10794;24;3.6;18;0.0
10794;52;5.6;20;0.0
10794;75;6.2;20;0.0
10795;12;30.4;20;0.0
10795;32;25.6;25;0.0
10795;41;7.7;15;0.0
10795;68;10.0;10;0.0
10796;17;31.2;20;0.0
10796;23;7.2;20;0.0
10796;59;44.0;10;0.0
10796;72;34.8;10;0.0
10797;14;18.6;20;0.0
10797;28;36.4;20;0.0
10797;60;27.2;12;0.0
10798;12;30.4;20;0.0
10798;33;2.0;30;0.0
10798;75;6.2;20;0.0
10799;7;24.0;25;0.0
10799;24;3.6;20;0.0
10799;52;5.6;25;0.0
10800;1;14.4;25;0.0
10800;18;50.0;18;0.0
10800;43;36.8;12;0.0
10851;14;18.6;20;0.0
10851;28;36.4;18;0.0
10851;41;7.7;15;0.0
10852;7;24.0;20;0.0
10852;24;3.6;20;0.0
10852;52;5.6;18;0.0
10853;12;30.4;20;0.0
10853;32;25.6;25;0.0
10853;75;6.2;20;0.0
10854;1;14.4;20;0.0
10854;18;50.0;18;0.0
10854;43;36.8;12;0.0
10855;14;18.6;20;0.0
10855;25;11.2;20;0.0
10855;52;5.6;15;0.0
10856;11;14.0;25;0.0
10856;30;20.7;20;0.0
10856;62;39.4;15;0.0
10857;7;24.0;20;0.0
10857;24;3.6;25;0.0
10857;52;5.6;20;0.0
10858;12;30.4;20;0.0
10858;34;11.2;20;0.0
10858;41;7.7;12;0.0
10859;17;31.2;25;0.0
10859;23;7.2;20;0.0
10859;52;5.6;18;0.0
10860;1;14.4;30;0.0
10860;24;3.6;20;0.0
10860;60;27.2;12;0.0
10861;11;14.0;25;0.0
10861;30;20.7;20;0.0
10861;41;7.7;15;0.0
10862;7;24.0;20;0.0
10862;25;11.2;20;0.0
10862;52;5.6;15;0.0
10863;12;30.4;20;0.0
10863;28;36.4;20;0.0
10863;75;6.2;25;0.0
10864;14;18.6;20;0.0
10864;32;25.6;25;0.0
10864;59;44.0;10;0.0
10865;17;31.2;25;0.0
10865;31;10.0;20;0.0
10865;45;7.6;15;0.0
10866;1;14.4;25;0.0
10866;24;3.6;18;0.0
10866;52;5.6;20;0.0
10867;14;18.6;20;0.0
10867;28;36.4;20;0.0
10867;59;44.0;12;0.0
10868;11;14.0;20;0.0
10868;30;20.7;15;0.0
10868;62;39.4;15;0.0
10869;7;24.0;20;0.0
10869;24;3.6;20;0.0
10869;41;7.7;20;0.0
10870;12;30.4;20;0.0
10870;32;25.6;30;0.0
10870;75;6.2;20;0.0
10871;1;14.4;25;0.0
10871;24;3.6;20;0.0
10871;75;6.2;20;0.0
10872;12;30.4;20;0.0
10872;32;25.6;25;0.0
10872;41;7.7;15;0.0
10873;17;31.2;20;0.0
10873;23;7.2;20;0.0
10873;45;7.6;12;0.0
10874;14;18.6;25;0.0
10874;28;36.4;20;0.0
10874;59;44.0;12;0.0
10875;11;14.0;20;0.0
10875;30;20.7;20;0.0
10875;41;7.7;15;0.0
10876;7;24.0;20;0.0
10876;25;11.2;20;0.0
10876;52;5.6;15;0.0
10877;12;30.4;20;0.0
10877;28;36.4;20;0.0
10877;75;6.2;25;0.0
10878;14;18.6;20;0.0
10878;32;25.6;25;0.0
10878;59;44.0;10;0.0
10879;17;31.2;25;0.0
10879;31;10.0;20;0.0
10879;45;7.6;15;0.0
10880;1;14.4;25;0.0
10880;24;3.6;18;0.0
10880;52;5.6;20;0.0
10881;14;18.6;20;0.0
10881;28;36.4;20;0.0
10881;59;44.0;12;0.0
10882;11;14.0;20;0.0
10882;30;20.7;15;0.0
10882;62;39.4;15;0.0
10883;7;24.0;20;0.0
10883;24;3.6;20;0.0
10883;41;7.7;20;0.0
10884;12;30.4;20;0.0
10884;32;25.6;30;0.0
10884;75;6.2;20;0.0
10885;1;14.4;25;0.0
10885;24;3.6;20;0.0
10885;75;6.2;20;0.0
10886;12;30.4;20;0.0
10886;32;25.6;25;0.0
10886;41;7.7;15;0.0
10887;17;31.2;20;0.0
10887;23;7.2;20;0.0
10887;45;7.6;12;0.0
10888;14;18.6;25;0.0
10888;28;36.4;20;0.0
10888;59;44.0;12;0.0
10889;11;14.0;20;0.0
10889;30;20.7;20;0.0
10889;41;7.7;15;0.0
10890;7;24.0;20;0.0
10890;25;11.2;20;0.0
10890;52;5.6;15;0.0
10891;12;30.4;20;0.0
10891;28;36.4;20;0.0
10891;75;6.2;25;0.0
10892;14;18.6;20;0.0
10892;32;25.6;25;0.0
10892;59;44.0;10;0.0
10893;17;31.2;25;0.0
10893;31;10.0;20;0.0
10893;45;7.6;15;0.0
10894;1;14.4;25;0.0
10894;24;3.6;18;0.0
10894;52;5.6;20;0.0
10895;14;18.6;20;0.0
10895;28;36.4;20;0.0
10895;59;44.0;12;0.0
10896;11;14.0;20;0.0
10896;30;20.7;15;0.0
10896;62;39.4;15;0.0
10897;7;24.0;20;0.0
10897;24;3.6;20;0.0
10897;41;7.7;20;0.0
10898;12;30.4;20;0.0
10898;32;25.6;30;0.0
10898;75;6.2;20;0.0
10899;1;14.4;25;0.0
10899;24;3.6;20;0.0
10899;75;6.2;20;0.0
10900;12;30.4;20;0.0
10900;32;25.6;25;0.0
10900;41;7.7;15;0.0
10901;17;31.2;20;0.0
10901;24;3.6;18;0.0
10901;36;15.2;12;0.0
10902;14;18.6;25;0.0
10902;28;36.4;20;0.0
10902;59;44.0;12;0.0
10903;11;14.0;20;0.0
10903;30;20.7;20;0.0
10903;41;7.7;15;0.0
10904;7;24.0;20;0.0
10904;24;3.6;20;0.0
10904;52;5.6;15;0.0
10905;12;30.4;20;0.0
10905;32;25.6;30;0.0
10905;75;6.2;20;0.0
10906;1;14.4;25;0.0
10906;24;3.6;20;0.0
10906;75;6.2;20;0.0
10907;12;30.4;20;0.0
10907;32;25.6;25;0.0
10907;41;7.7;15;0.0
10908;17;31.2;20;0.0
10908;23;7.2;20;0.0
10908;45;7.6;12;0.0
10909;14;18.6;25;0.0
10909;28;36.4;20;0.0
10909;59;44.0;12;0.0
10910;11;14.0;20;0.0
10910;30;20.7;20;0.0
10910;41;7.7;15;0.0
10911;7;24.0;20;0.0
10911;25;11.2;20;0.0
10911;52;5.6;15;0.0
10912;12;30.4;20;0.0
10912;28;36.4;20;0.0
10912;75;6.2;25;0.0
10913;14;18.6;20;0.0
10913;32;25.6;25;0.0
10913;59;44.0;10;0.0
10914;17;31.2;25;0.0
10914;31;10.0;20;0.0
10914;45;7.6;15;0.0
10915;1;14.4;25;0.0
10915;24;3.6;18;0.0
10915;52;5.6;20;0.0
10916;14;18.6;20;0.0
10916;28;36.4;20;0.0
10916;59;44.0;12;0.0
10917;11;14.0;20;0.0
10917;30;20.7;15;0.0
10917;62;39.4;15;0.0
10918;7;24.0;20;0.0
10918;24;3.6;20;0.0
10918;41;7.7;20;0.0
10919;12;30.4;20;0.0
10919;32;25.6;30;0.0
10919;75;6.2;20;0.0
10920;1;14.4;25;0.0
10920;24;3.6;20;0.0
10920;75;6.2;20;0.0
10921;12;30.4;20;0.0
10921;32;25.6;25;0.0
10921;41;7.7;15;0.0
10922;17;31.2;20;0.0
10922;23;7.2;20;0.0
10922;45;7.6;12;0.0
10923;14;18.6;25;0.0
10923;28;36.4;20;0.0
10923;59;44.0;12;0.0
10924;11;14.0;20;0.0
10924;30;20.7;20;0.0
10924;41;7.7;15;0.0
10925;7;24.0;20;0.0
10925;25;11.2;20;0.0
10925;52;5.6;15;0.0
10926;12;30.4;20;0.0
10926;28;36.4;20;0.0
10926;75;6.2;25;0.0
10927;14;18.6;20;0.0
10927;32;25.6;25;0.0
10927;59;44.0;10;0.0
10928;17;31.2;25;0.0
10928;31;10.0;20;0.0
10928;45;7.6;15;0.0
10929;1;14.4;25;0.0
10929;24;3.6;18;0.0
10929;52;5.6;20;0.0
10930;14;18.6;20;0.0
10930;28;36.4;20;0.0
10930;59;44.0;12;0.0
10931;11;14.0;20;0.0
10931;30;20.7;15;0.0
10931;62;39.4;15;0.0
10932;7;24.0;20;0.0
10932;24;3.6;20;0.0
10932;41;7.7;20;0.0
10933;12;30.4;20;0.0
10933;32;25.6;30;0.0
10933;75;6.2;20;0.0
10934;1;14.4;25;0.0
10934;24;3.6;20;0.0
10934;75;6.2;20;0.0
10935;12;30.4;20;0.0
10935;32;25.6;25;0.0
10935;41;7.7;15;0.0
10936;17;31.2;20;0.0
10936;23;7.2;20;0.0
10936;45;7.6;12;0.0
10937;14;18.6;25;0.0
10937;28;36.4;20;0.0
10937;59;44.0;12;0.0
10938;11;14.0;20;0.0
10938;30;20.7;20;0.0
10938;41;7.7;15;0.0
10939;7;24.0;20;0.0
10939;25;11.2;20;0.0
10939;52;5.6;15;0.0
10940;12;30.4;20;0.0
10940;28;36.4;20;0.0
10940;75;6.2;25;0.0
10941;14;18.6;20;0.0
10941;32;25.6;25;0.0
10941;59;44.0;10;0.0
10942;17;31.2;25;0.0
10942;31;10.0;20;0.0
10942;45;7.6;15;0.0
10943;1;14.4;25;0.0
10943;24;3.6;18;0.0
10943;52;5.6;20;0.0
10944;14;18.6;20;0.0
10944;28;36.4;20;0.0
10944;59;44.0;12;0.0
10945;11;14.0;20;0.0
10945;30;20.7;15;0.0
10945;62;39.4;15;0.0
10946;7;24.0;20;0.0
10946;24;3.6;20;0.0
10946;41;7.7;20;0.0
10947;12;30.4;20;0.0
10947;32;25.6;30;0.0
10947;75;6.2;20;0.0
10948;1;14.4;25;0.0
10948;24;3.6;20;0.0
10948;75;6.2;20;0.0
10949;12;30.4;20;0.0
10949;32;25.6;25;0.0
10949;41;7.7;15;0.0
10950;17;31.2;20;0.0
10950;23;7.2;20;0.0
10950;45;7.6;12;0.0
10951;14;18.6;25;0.0
10951;28;36.4;20;0.0
10951;59;44.0;12;0.0
10952;11;14.0;20;0.0
10952;30;20.7;20;0.0
10952;41;7.7;15;0.0
10953;7;24.0;20;0.0
10953;25;11.2;20;0.0
10953;52;5.6;15;0.0
